,img,Province,Cases,Recoveries,Deaths,active,lat,long
0,https://4.bp.blogspot.com/-ELlrLdH0frM/WSz4AjqIWaI/AAAAAAAAASY/EF5ayA5zXn05TXw53cRUVTJeh6lzUJDDwCLcB/s400/Lambang%2BDaerah%2BProvinsi%2BBali%2B2.png,Bali,35527,32699,973,1855,-8.4095178,115.188916
1,https://upload.wikimedia.org/wikipedia/commons/thumb/0/08/Coat_of_arms_of_Bangka_Belitung_Islands.svg/1200px-Coat_of_arms_of_Bangka_Belitung_Islands.svg.png,Bangka Belitung Islands,7655,7045,116,494,-2.7410513,106.4405872
2,https://upload.wikimedia.org/wikipedia/commons/8/82/Coat_of_arms_of_Banten.png,Banten,30217,23174,628,6415,-6.4058172,106.0640179
3,https://upload.wikimedia.org/wikipedia/commons/7/7d/Coat_of_arms_of_Bengkulu.png,Bengkulu,5027,4672,149,206,-3.5778471,102.3463875
4,https://upload.wikimedia.org/wikipedia/commons/thumb/a/a2/Jawa_Tengah_Logo.svg/526px-Jawa_Tengah_Logo.svg.png,Central Java,157738,107731,6744,43263,-7.150975,110.1402594
5,https://upload.wikimedia.org/wikipedia/commons/e/eb/Coat_of_arms_of_Central_Kalimantan.png,Central Kalimantan,14563,12854,370,1339,-1.6814878,113.3823545
6,http://1.bp.blogspot.com/-Mb3OPbim3Gw/VrYYo_59GjI/AAAAAAAAVFw/oh24hNmZ1NU/s1600/LOGO%2BSULAWESI%2BTENGAH.png,Central Sulawesi,10361,8507,264,1590,-1.4300254,121.4456179
7,https://2.bp.blogspot.com/-S1hrqQnm0nc/XDCpZ6C7iSI/AAAAAAAABvI/MlNdKdkNBHQa0lU-1I0gyTT5FbFSR2K0QCLcBGAs/s400/logo%2Bprovinsi%2Bjawa%2Btimur.png,East Java,132171,120074,9295,2802,-7.5360639,112.2384017
8,https://upload.wikimedia.org/wikipedia/commons/thumb/b/bc/Coat_of_arms_of_East_Kalimantan.svg/1200px-Coat_of_arms_of_East_Kalimantan.svg.png,East Kalimantan,58039,50298,1353,6388,1.6406296,116.419389
9,https://upload.wikimedia.org/wikipedia/commons/thumb/9/9c/Coat_of_arms_of_East_Nusa_Tenggara.svg/1200px-Coat_of_arms_of_East_Nusa_Tenggara.svg.png,East Nusa Tenggara,9971,7673,282,2016,-8.6573819,121.0793705
10,https://3.bp.blogspot.com/-75ec3fJKhgU/UNl0Tdg9UXI/AAAAAAAAIrg/YztGIINVa2w/s1600/LOGO+PROVINSI+GORONTALO.png,Gorontalo,4866,4435,138,293,0.6999372,122.4467238
11,https://upload.wikimedia.org/wikipedia/commons/thumb/e/eb/Coat_of_arms_of_Jakarta.svg/1200px-Coat_of_arms_of_Jakarta.svg.png,Jakarta,350425,337371,5801,7253,-6.211544,106.845172
12,https://2.bp.blogspot.com/-y0bGVkW2XfY/Tdui2omcCgI/AAAAAAAADro/Ufjlj4w8nhs/s1600/logo+Jambi.png,Jambi,5631,4479,86,1066,-1.4851831,102.4380581
13,https://upload.wikimedia.org/wikipedia/commons/b/b9/Lampung_coa.png,Lampung,12907,11384,670,853,-4.5585849,105.4068079
14,https://upload.wikimedia.org/wikipedia/commons/2/2b/Lambang_Provinsi_Maluku.png,Maluku,7118,6420,105,593,-3.2384616,130.1452734
15,https://upload.wikimedia.org/wikipedia/commons/3/33/Emblem_of_North_Kalimantan.png,North Kalimantan,10067,7813,154,2100,1.5802128,114.0308546
16,https://upload.wikimedia.org/wikipedia/commons/thumb/b/b9/Coat_of_arms_of_North_Maluku.png/1200px-Coat_of_arms_of_North_Maluku.png,North Maluku,4062,3455,113,494,1.5709993,127.8087693
17,https://upload.wikimedia.org/wikipedia/commons/thumb/6/68/Coat_of_arms_of_North_Sulawesi.svg/1200px-Coat_of_arms_of_North_Sulawesi.svg.png,North Sulawesi,15135,12031,498,2606,0.6246932,123.9750018
18,https://upload.wikimedia.org/wikipedia/commons/thumb/c/c8/Coat_of_arms_of_North_Sumatra.svg/1200px-Coat_of_arms_of_North_Sumatra.svg.png,North Sumatra,25329,21965,856,2508,2.1153547,99.5450974
19,https://upload.wikimedia.org/wikipedia/commons/d/de/Coat_of_Arms_of_Papua.png,Papua,17565,9398,181,7986,-4.269928,138.0803529
20,https://upload.wikimedia.org/wikipedia/commons/thumb/0/0b/Coat_of_arms_of_Riau.svg/1200px-Coat_of_arms_of_Riau.svg.png,Riau,32039,30266,781,992,0.2933469,101.7068294
21,https://upload.wikimedia.org/wikipedia/commons/e/ee/Coat_of_arms_of_Riau_Islands.png,Riau Islands,8787,8411,220,156,3.9456514,108.1428669
22,https://pngimage.net/wp-content/uploads/2018/06/logo-provinsi-kalimantan-selatan-png.png,South Kalimantan,23140,20252,750,2138,-3.0926415,115.2837585
23,https://upload.wikimedia.org/wikipedia/commons/thumb/6/67/Coat_of_arms_of_South_Sulawesi.svg/1200px-Coat_of_arms_of_South_Sulawesi.svg.png,South Sulawesi,57527,53403,874,3250,-3.6687994,119.9740534
24,https://upload.wikimedia.org/wikipedia/commons/thumb/6/67/Coat_of_arms_of_South_Sulawesi.svg/1200px-Coat_of_arms_of_South_Sulawesi.svg.png,South Sumatra,16293,14510,787,996,-3.6687994,119.9740534
25,https://upload.wikimedia.org/wikipedia/commons/thumb/3/31/Coat_of_arms_of_Southeast_Sulawesi.svg/1200px-Coat_of_arms_of_Southeast_Sulawesi.svg.png,Southeast Sulawesi,10098,9385,200,513,-4.14491,122.174605
26,https://upload.wikimedia.org/wikipedia/commons/thumb/b/b8/Coat_of_arms_of_Yogyakarta.svg/1200px-Coat_of_arms_of_Yogyakarta.svg.png,Special Region of Yogyakarta,28987,23204,707,5076,-7.8753849,110.4262088
27,https://3.bp.blogspot.com/-BRV8kAVyi4I/XDX3S86Pk5I/AAAAAAAABwA/K5fnfc4c1VYps0EcV32qP6yB96kghqU3QCLcBGAs/s1600/logo%2Bjawa%2Bbarat.png,West Java,222400,182991,2517,36892,-7.090911,107.668887
28,https://upload.wikimedia.org/wikipedia/commons/thumb/5/5d/Coat_of_arms_of_West_Kalimantan.svg/1200px-Coat_of_arms_of_West_Kalimantan.svg.png,West Kalimantan,4906,4354,33,519,-0.2787808,111.4752851
29,https://upload.wikimedia.org/wikipedia/commons/thumb/5/51/Coat_of_arms_of_West_Nusa_Tenggara.svg/1200px-Coat_of_arms_of_West_Nusa_Tenggara.svg.png,West Nusa Tenggara,8870,7197,345,1328,-8.6529334,117.3616476
30,https://upload.wikimedia.org/wikipedia/commons/thumb/d/de/Coat_of_arms_of_West_Papua.svg/1200px-Coat_of_arms_of_West_Papua.svg.png,West Papua,7630,6987,126,517,-1.3361154,133.1747162
31,https://upload.wikimedia.org/wikipedia/commons/8/81/Coat_of_arms_of_West_Sulawesi.png,West Sulawesi,5296,4302,109,885,-2.8441371,119.2320784
32,https://upload.wikimedia.org/wikipedia/commons/thumb/6/62/Coat_of_arms_of_West_Sumatra.svg/1200px-Coat_of_arms_of_West_Sumatra.svg.png,West Sumatra,29706,28022,654,1030,-0.7399397,100.8000051
